partition,partition_type,aggregator,communication_round,layer_name,component_type,num_features,mean_of_running_mean,std_of_running_mean,mean_of_running_var,std_of_running_var
IID_Partition,IID,FedAvg,100,detail.S1.0.bn,other,64,0.083489016,0.73516244,0.71732414,1.0063802
IID_Partition,IID,FedAvg,100,detail.S1.1.bn,other,64,-1.9161655,2.5206366,21.471062,14.743885
IID_Partition,IID,FedAvg,100,detail.S2.0.bn,other,64,-2.8855362,3.4703248,38.58835,16.80049
IID_Partition,IID,FedAvg,100,detail.S2.1.bn,other,64,-7.1472225,4.9424515,55.37368,18.621607
IID_Partition,IID,FedAvg,100,detail.S2.2.bn,other,64,-3.3505774,4.1078134,55.593353,16.377205
IID_Partition,IID,FedAvg,100,detail.S3.0.bn,other,128,-1.8221248,6.0219383,45.74076,24.111883
IID_Partition,IID,FedAvg,100,detail.S3.1.bn,other,128,-5.1740384,3.752418,40.954407,16.782072
IID_Partition,IID,FedAvg,100,detail.S3.2.bn,other,128,-6.272938,3.323858,39.163376,13.235867
IID_Partition,IID,FedAvg,100,segment.S1S2.conv.bn,other,16,0.23429248,1.2861207,2.3228617,2.0814528
IID_Partition,IID,FedAvg,100,segment.S1S2.left.0.bn,other,8,-4.7416553,5.1345463,40.179348,38.025673
IID_Partition,IID,FedAvg,100,segment.S1S2.left.1.bn,other,16,-1.2870674,3.7966871,32.8383,12.998347
IID_Partition,IID,FedAvg,100,segment.S1S2.fuse.bn,other,16,0.9937992,22.47618,360.7511,138.40376
IID_Partition,IID,FedAvg,100,segment.S3.0.conv1.bn,other,16,-0.2444458,8.764137,34.67708,21.136015
IID_Partition,IID,FedAvg,100,segment.S3.0.dwconv1.1,other,96,-0.2936825,1.9364383,1.6910545,1.5057775
IID_Partition,IID,FedAvg,100,segment.S3.0.dwconv2.1,other,96,-0.07135512,0.40610015,0.8729492,0.8897784
IID_Partition,IID,FedAvg,100,segment.S3.0.conv2.1,other,32,0.71737105,3.0850153,8.455498,5.2119946
IID_Partition,IID,FedAvg,100,segment.S3.0.shortcut.1,other,16,-0.6547198,4.984558,7.5329375,6.309988
IID_Partition,IID,FedAvg,100,segment.S3.0.shortcut.3,other,32,2.3475599e-05,0.0014279017,56.41285,41.246334
IID_Partition,IID,FedAvg,100,segment.S3.1.conv1.bn,other,32,-5.0320663,16.885536,118.61544,64.31493
IID_Partition,IID,FedAvg,100,segment.S3.1.dwconv.1,other,192,0.0091695925,0.7851098,0.5190467,0.56448036
IID_Partition,IID,FedAvg,100,segment.S3.1.conv2.1,other,32,0.25951743,1.2465554,2.3194804,0.983269
IID_Partition,IID,FedAvg,100,segment.S4.0.conv1.bn,other,32,-0.03895998,17.198475,213.36957,88.19277
IID_Partition,IID,FedAvg,100,segment.S4.0.dwconv1.1,other,192,-0.028735215,1.8870612,1.0517827,1.2077441
IID_Partition,IID,FedAvg,100,segment.S4.0.dwconv2.1,other,192,-0.11435601,0.47565457,0.5636307,0.48011112
IID_Partition,IID,FedAvg,100,segment.S4.0.conv2.1,other,64,0.07503484,2.6307747,7.449373,7.1809335
IID_Partition,IID,FedAvg,100,segment.S4.0.shortcut.1,other,32,0.19224358,8.086623,22.168104,14.080025
IID_Partition,IID,FedAvg,100,segment.S4.0.shortcut.3,other,64,1.775978e-05,0.00088125997,40.90686,25.876593
IID_Partition,IID,FedAvg,100,segment.S4.1.conv1.bn,other,64,-2.0959208,10.332507,72.19503,48.24374
IID_Partition,IID,FedAvg,100,segment.S4.1.dwconv.1,other,384,0.0431722,0.58671266,0.26856068,0.24196808
IID_Partition,IID,FedAvg,100,segment.S4.1.conv2.1,other,64,0.090169504,1.230915,1.6853702,0.68658215
IID_Partition,IID,FedAvg,100,segment.S5_4.0.conv1.bn,other,64,-3.2995148,6.351219,71.820724,31.947065
IID_Partition,IID,FedAvg,100,segment.S5_4.0.dwconv1.1,other,384,0.03196189,0.94988126,0.43277058,0.50445276
IID_Partition,IID,FedAvg,100,segment.S5_4.0.dwconv2.1,other,384,-0.10224601,0.29821637,0.24368298,0.20791958
IID_Partition,IID,FedAvg,100,segment.S5_4.0.conv2.1,other,128,-0.073484086,1.5988739,3.5028331,1.9880633
IID_Partition,IID,FedAvg,100,segment.S5_4.0.shortcut.1,other,64,0.3041879,2.861328,5.947815,3.0911663
IID_Partition,IID,FedAvg,100,segment.S5_4.0.shortcut.3,other,128,6.2622476e-06,0.0006439425,19.96492,13.014004
IID_Partition,IID,FedAvg,100,segment.S5_4.1.conv1.bn,other,128,-3.5969136,6.6266856,56.644135,35.854656
IID_Partition,IID,FedAvg,100,segment.S5_4.1.dwconv.1,other,768,-0.01385574,0.33079496,0.11479793,0.13708335
IID_Partition,IID,FedAvg,100,segment.S5_4.1.conv2.1,other,128,0.14631954,1.0558426,1.3901303,1.0087792
IID_Partition,IID,FedAvg,100,segment.S5_4.2.conv1.bn,other,128,-2.9757972,4.9001675,47.77569,20.81698
IID_Partition,IID,FedAvg,100,segment.S5_4.2.dwconv.1,other,768,0.013978136,0.18650605,0.05322175,0.08477973
IID_Partition,IID,FedAvg,100,segment.S5_4.2.conv2.1,other,128,-0.15617236,0.9592685,0.9484173,0.48365486
IID_Partition,IID,FedAvg,100,segment.S5_4.3.conv1.bn,other,128,-2.462379,6.811078,61.721336,27.951176
IID_Partition,IID,FedAvg,100,segment.S5_4.3.dwconv.1,other,768,0.011003929,0.195208,0.06269192,0.16936758
IID_Partition,IID,FedAvg,100,segment.S5_4.3.conv2.1,other,128,-0.032388687,1.0700136,0.78555214,0.43826818
IID_Partition,IID,FedAvg,100,segment.S5_5.bn,other,128,1.9620305,1.3180256,0.6298835,0.70340085
IID_Partition,IID,FedAvg,100,segment.S5_5.conv_gap.bn,other,128,-5.556632e-05,0.00076612283,13.098278,15.839056
IID_Partition,IID,FedAvg,100,segment.S5_5.conv_last.bn,other,128,-6.182873,10.170153,132.88307,64.75964
IID_Partition,IID,FedAvg,100,bga.left1.1,other,128,-0.0035402682,0.29378286,0.5061401,0.61740726
IID_Partition,IID,FedAvg,100,bga.left2.1,other,128,0.13760725,1.2998157,6.337335,2.2263622
IID_Partition,IID,FedAvg,100,bga.right1.1,other,128,-0.60783666,2.6699047,34.02614,26.515976
IID_Partition,IID,FedAvg,100,bga.right2.1,other,128,-0.0026035644,0.73456264,0.60981166,0.403424
IID_Partition,IID,FedAvg,100,bga.conv.1,other,128,-3.8130584,8.193747,124.120125,63.29476
IID_Partition,IID,FedAvg,100,head.conv.bn,head,1024,-1.6893554,2.256547,9.498833,19.846098
IID_Partition,IID,FedAvg,20,detail.S1.0.bn,other,64,0.16082545,0.9590309,1.3002925,1.7282598
IID_Partition,IID,FedAvg,20,detail.S1.1.bn,other,64,-2.3521256,3.4759998,39.97964,31.476353
IID_Partition,IID,FedAvg,20,detail.S2.0.bn,other,64,-3.4437237,4.6831107,82.83638,62.268715
IID_Partition,IID,FedAvg,20,detail.S2.1.bn,other,64,-8.774262,6.735038,106.76858,51.73218
IID_Partition,IID,FedAvg,20,detail.S2.2.bn,other,64,-4.1175346,5.6582556,90.87456,30.323929
IID_Partition,IID,FedAvg,20,detail.S3.0.bn,other,128,-2.2437859,7.8316545,80.83669,44.091393
IID_Partition,IID,FedAvg,20,detail.S3.1.bn,other,128,-6.4492874,4.9295583,71.36257,30.834772
IID_Partition,IID,FedAvg,20,detail.S3.2.bn,other,128,-7.9389153,4.2709365,65.98742,21.52406
IID_Partition,IID,FedAvg,20,segment.S1S2.conv.bn,other,16,-0.2785421,2.095844,6.360506,7.147189
IID_Partition,IID,FedAvg,20,segment.S1S2.left.0.bn,other,8,-5.2715683,7.390595,65.56537,51.665848
IID_Partition,IID,FedAvg,20,segment.S1S2.left.1.bn,other,16,-1.2215039,4.1348696,46.900383,23.939886
IID_Partition,IID,FedAvg,20,segment.S1S2.fuse.bn,other,16,1.9081178,30.321743,600.18005,227.55525
IID_Partition,IID,FedAvg,20,segment.S3.0.conv1.bn,other,16,-2.3813148,9.6746025,63.873222,56.088543
IID_Partition,IID,FedAvg,20,segment.S3.0.dwconv1.1,other,96,-0.29092836,2.4528372,2.5918977,2.1869743
IID_Partition,IID,FedAvg,20,segment.S3.0.dwconv2.1,other,96,-0.09097898,0.4794529,1.314368,1.1443734
IID_Partition,IID,FedAvg,20,segment.S3.0.conv2.1,other,32,0.78741413,3.7197382,14.069012,8.978668
IID_Partition,IID,FedAvg,20,segment.S3.0.shortcut.1,other,16,-1.0975964,5.797631,11.256567,9.360594
IID_Partition,IID,FedAvg,20,segment.S3.0.shortcut.3,other,32,0.00016766484,0.0017396805,85.87302,62.613983
IID_Partition,IID,FedAvg,20,segment.S3.1.conv1.bn,other,32,-6.318497,21.928444,192.71774,109.80343
IID_Partition,IID,FedAvg,20,segment.S3.1.dwconv.1,other,192,-0.0016114265,0.88283426,0.7707394,0.76862955
IID_Partition,IID,FedAvg,20,segment.S3.1.conv2.1,other,32,0.23334064,1.7888472,4.094128,1.6276364
IID_Partition,IID,FedAvg,20,segment.S4.0.conv1.bn,other,32,-0.06390309,18.910303,381.82977,180.91344
IID_Partition,IID,FedAvg,20,segment.S4.0.dwconv1.1,other,192,-0.011001249,2.3758907,1.7155324,1.8805759
IID_Partition,IID,FedAvg,20,segment.S4.0.dwconv2.1,other,192,-0.14657919,0.5956124,0.88246965,0.74614465
IID_Partition,IID,FedAvg,20,segment.S4.0.conv2.1,other,64,0.089917034,3.534177,13.282787,12.867892
IID_Partition,IID,FedAvg,20,segment.S4.0.shortcut.1,other,32,0.44921768,10.535172,38.10183,24.400612
IID_Partition,IID,FedAvg,20,segment.S4.0.shortcut.3,other,64,6.8830996e-06,0.0010994567,64.623695,39.32204
IID_Partition,IID,FedAvg,20,segment.S4.1.conv1.bn,other,64,-2.5192628,13.755394,111.052345,54.161736
IID_Partition,IID,FedAvg,20,segment.S4.1.dwconv.1,other,384,0.052178767,0.7147083,0.42412814,0.3567491
IID_Partition,IID,FedAvg,20,segment.S4.1.conv2.1,other,64,-0.0001250282,1.4712687,3.1171787,1.2239308
IID_Partition,IID,FedAvg,20,segment.S5_4.0.conv1.bn,other,64,-4.8881016,7.9359193,133.3023,68.675766
IID_Partition,IID,FedAvg,20,segment.S5_4.0.dwconv1.1,other,384,0.045060206,1.2720196,0.74674225,0.872243
IID_Partition,IID,FedAvg,20,segment.S5_4.0.dwconv2.1,other,384,-0.13259344,0.3972743,0.41244087,0.34700736
IID_Partition,IID,FedAvg,20,segment.S5_4.0.conv2.1,other,128,-0.13991491,2.1417346,5.7617073,3.280556
IID_Partition,IID,FedAvg,20,segment.S5_4.0.shortcut.1,other,64,0.4812436,3.8901021,11.062595,7.997637
IID_Partition,IID,FedAvg,20,segment.S5_4.0.shortcut.3,other,128,1.0481399e-06,0.0008209526,34.129314,24.287569
IID_Partition,IID,FedAvg,20,segment.S5_4.1.conv1.bn,other,128,-4.3715305,8.701224,99.42949,67.53521
IID_Partition,IID,FedAvg,20,segment.S5_4.1.dwconv.1,other,768,-0.014018416,0.43248802,0.19150364,0.2311807
IID_Partition,IID,FedAvg,20,segment.S5_4.1.conv2.1,other,128,0.23254141,1.4146267,2.4909158,1.8216766
IID_Partition,IID,FedAvg,20,segment.S5_4.2.conv1.bn,other,128,-3.8534036,6.805944,83.20735,36.340485
IID_Partition,IID,FedAvg,20,segment.S5_4.2.dwconv.1,other,768,0.01449531,0.25613254,0.09056222,0.1402654
IID_Partition,IID,FedAvg,20,segment.S5_4.2.conv2.1,other,128,-0.19369043,1.2619859,1.6986537,0.86877024
IID_Partition,IID,FedAvg,20,segment.S5_4.3.conv1.bn,other,128,-3.6317942,9.034051,109.44481,49.501907
IID_Partition,IID,FedAvg,20,segment.S5_4.3.dwconv.1,other,768,0.013459059,0.26555705,0.100140534,0.26394087
IID_Partition,IID,FedAvg,20,segment.S5_4.3.conv2.1,other,128,-0.015486345,1.3798093,1.4705416,0.84574807
IID_Partition,IID,FedAvg,20,segment.S5_5.bn,other,128,2.0341578,1.345869,0.8832097,1.0054989
IID_Partition,IID,FedAvg,20,segment.S5_5.conv_gap.bn,other,128,-6.0086048e-05,0.0010160807,22.857094,27.35004
IID_Partition,IID,FedAvg,20,segment.S5_5.conv_last.bn,other,128,-9.031254,13.93501,255.1827,127.30144
IID_Partition,IID,FedAvg,20,bga.left1.1,other,128,0.002066128,0.41705456,0.97731006,1.0963832
IID_Partition,IID,FedAvg,20,bga.left2.1,other,128,0.13848834,1.4907308,11.639257,5.706802
IID_Partition,IID,FedAvg,20,bga.right1.1,other,128,-0.78094816,3.4919295,56.694595,43.387383
IID_Partition,IID,FedAvg,20,bga.right2.1,other,128,-0.00877554,0.82228965,0.88605773,0.5383737
IID_Partition,IID,FedAvg,20,bga.conv.1,other,128,-4.8240485,12.218715,385.10315,220.57014
IID_Partition,IID,FedAvg,20,head.conv.bn,head,1024,-2.9903522,10.896809,140.3062,125.26937
IID_Partition,IID,FedAvg,40,detail.S1.0.bn,other,64,0.12481225,0.8827106,1.0025003,1.3604358
IID_Partition,IID,FedAvg,40,detail.S1.1.bn,other,64,-2.1811981,3.1212385,32.835285,24.974758
IID_Partition,IID,FedAvg,40,detail.S2.0.bn,other,64,-3.3043633,4.222979,63.602776,40.124607
IID_Partition,IID,FedAvg,40,detail.S2.1.bn,other,64,-8.295819,6.060614,82.6342,31.341091
IID_Partition,IID,FedAvg,40,detail.S2.2.bn,other,64,-3.8573613,5.079187,79.052666,24.546877
IID_Partition,IID,FedAvg,40,detail.S3.0.bn,other,128,-2.1419914,7.2031207,66.407715,35.966637
IID_Partition,IID,FedAvg,40,detail.S3.1.bn,other,128,-6.06213,4.491004,59.380745,24.848513
IID_Partition,IID,FedAvg,40,detail.S3.2.bn,other,128,-7.377297,3.924696,55.292538,18.363808
IID_Partition,IID,FedAvg,40,segment.S1S2.conv.bn,other,16,0.102232784,1.6087033,3.5116181,3.9975457
IID_Partition,IID,FedAvg,40,segment.S1S2.left.0.bn,other,8,-5.1932893,6.794975,49.77413,37.972206
IID_Partition,IID,FedAvg,40,segment.S1S2.left.1.bn,other,16,-1.5558286,4.130502,45.830223,20.375574
IID_Partition,IID,FedAvg,40,segment.S1S2.fuse.bn,other,16,1.5482635,26.92054,508.8466,177.84592
IID_Partition,IID,FedAvg,40,segment.S3.0.conv1.bn,other,16,-1.2334865,9.108021,49.861492,35.880413
IID_Partition,IID,FedAvg,40,segment.S3.0.dwconv1.1,other,96,-0.29258373,2.2654364,2.3125677,2.0482306
IID_Partition,IID,FedAvg,40,segment.S3.0.dwconv2.1,other,96,-0.081352085,0.44966933,1.1585293,1.0506444
IID_Partition,IID,FedAvg,40,segment.S3.0.conv2.1,other,32,0.80874527,3.5433326,11.68655,7.1375847
IID_Partition,IID,FedAvg,40,segment.S3.0.shortcut.1,other,16,-0.9213028,5.548034,9.802328,8.407345
IID_Partition,IID,FedAvg,40,segment.S3.0.shortcut.3,other,32,0.00011377315,0.001642222,75.755745,54.97189
IID_Partition,IID,FedAvg,40,segment.S3.1.conv1.bn,other,32,-5.964712,20.263435,164.45316,92.09455
IID_Partition,IID,FedAvg,40,segment.S3.1.dwconv.1,other,192,-0.0018701131,0.86872935,0.6831319,0.7190507
IID_Partition,IID,FedAvg,40,segment.S3.1.conv2.1,other,32,0.24868873,1.5904335,3.3150377,1.3867918
IID_Partition,IID,FedAvg,40,segment.S4.0.conv1.bn,other,32,-0.39563584,18.610374,311.37427,133.97507
IID_Partition,IID,FedAvg,40,segment.S4.0.dwconv1.1,other,192,-0.03029198,2.213821,1.4731997,1.6545188
IID_Partition,IID,FedAvg,40,segment.S4.0.dwconv2.1,other,192,-0.1312716,0.5518493,0.7612991,0.6268942
IID_Partition,IID,FedAvg,40,segment.S4.0.conv2.1,other,64,0.08639575,3.183516,10.924486,10.5148945
IID_Partition,IID,FedAvg,40,segment.S4.0.shortcut.1,other,32,0.3806054,9.635913,31.711468,19.476637
IID_Partition,IID,FedAvg,40,segment.S4.0.shortcut.3,other,64,8.810487e-06,0.0010247354,55.77025,34.96869
IID_Partition,IID,FedAvg,40,segment.S4.1.conv1.bn,other,64,-2.3670492,12.611154,95.2433,51.57638
IID_Partition,IID,FedAvg,40,segment.S4.1.dwconv.1,other,384,0.05123966,0.67077756,0.36167285,0.30801547
IID_Partition,IID,FedAvg,40,segment.S4.1.conv2.1,other,64,0.030959114,1.3802463,2.5080476,0.9849835
IID_Partition,IID,FedAvg,40,segment.S5_4.0.conv1.bn,other,64,-4.3042088,7.539052,107.21878,50.9971
IID_Partition,IID,FedAvg,40,segment.S5_4.0.dwconv1.1,other,384,0.03864422,1.1505102,0.61601454,0.71354514
IID_Partition,IID,FedAvg,40,segment.S5_4.0.dwconv2.1,other,384,-0.12182772,0.35636684,0.342697,0.28599522
IID_Partition,IID,FedAvg,40,segment.S5_4.0.conv2.1,other,128,-0.108609036,1.9393278,4.9350843,2.807636
IID_Partition,IID,FedAvg,40,segment.S5_4.0.shortcut.1,other,64,0.40281925,3.4987462,8.898256,5.5479875
IID_Partition,IID,FedAvg,40,segment.S5_4.0.shortcut.3,other,128,9.030731e-06,0.0007644854,28.312216,19.368685
IID_Partition,IID,FedAvg,40,segment.S5_4.1.conv1.bn,other,128,-4.1471395,7.9586034,83.69249,56.636475
IID_Partition,IID,FedAvg,40,segment.S5_4.1.dwconv.1,other,768,-0.013534318,0.3942932,0.16076817,0.19363762
IID_Partition,IID,FedAvg,40,segment.S5_4.1.conv2.1,other,128,0.20060496,1.274698,2.051411,1.4815888
IID_Partition,IID,FedAvg,40,segment.S5_4.2.conv1.bn,other,128,-3.5088577,6.0834813,68.834366,29.481894
IID_Partition,IID,FedAvg,40,segment.S5_4.2.dwconv.1,other,768,0.014281914,0.2268767,0.075486384,0.11687341
IID_Partition,IID,FedAvg,40,segment.S5_4.2.conv2.1,other,128,-0.1840027,1.1346703,1.398712,0.71078426
IID_Partition,IID,FedAvg,40,segment.S5_4.3.conv1.bn,other,128,-3.0150442,8.288512,89.385345,39.81338
IID_Partition,IID,FedAvg,40,segment.S5_4.3.dwconv.1,other,768,0.012390089,0.23985834,0.08632674,0.22645873
IID_Partition,IID,FedAvg,40,segment.S5_4.3.conv2.1,other,128,-0.018805664,1.2588385,1.1726192,0.646614
IID_Partition,IID,FedAvg,40,segment.S5_5.bn,other,128,1.9945455,1.3338971,0.7560737,0.8570502
IID_Partition,IID,FedAvg,40,segment.S5_5.conv_gap.bn,other,128,-5.8323738e-05,0.0009251187,18.699482,23.847763
IID_Partition,IID,FedAvg,40,segment.S5_5.conv_last.bn,other,128,-7.9307194,12.590015,201.0431,101.69445
IID_Partition,IID,FedAvg,40,bga.left1.1,other,128,-0.0008394951,0.3716018,0.77483535,0.8702567
IID_Partition,IID,FedAvg,40,bga.left2.1,other,128,0.16339575,1.4151331,9.266372,3.8988385
IID_Partition,IID,FedAvg,40,bga.right1.1,other,128,-0.72019494,3.1945965,47.91893,36.956142
IID_Partition,IID,FedAvg,40,bga.right2.1,other,128,-0.0056487173,0.8021937,0.79058933,0.49033314
IID_Partition,IID,FedAvg,40,bga.conv.1,other,128,-4.8462915,10.834283,256.31906,137.20894
IID_Partition,IID,FedAvg,40,head.conv.bn,head,1024,-2.0449948,4.8261585,25.535316,32.0781
IID_Partition,IID,FedAvg,60,detail.S1.0.bn,other,64,0.10714753,0.8301942,0.8908878,1.2261593
IID_Partition,IID,FedAvg,60,detail.S1.1.bn,other,64,-2.0757306,2.8409896,27.716219,20.74023
IID_Partition,IID,FedAvg,60,detail.S2.0.bn,other,64,-3.145592,3.9123907,51.72794,27.742287
IID_Partition,IID,FedAvg,60,detail.S2.1.bn,other,64,-7.838651,5.5373545,70.425735,24.813225
IID_Partition,IID,FedAvg,60,detail.S2.2.bn,other,64,-3.632565,4.662435,68.21481,20.51862
IID_Partition,IID,FedAvg,60,detail.S3.0.bn,other,128,-2.0034993,6.697445,57.18937,30.640257
IID_Partition,IID,FedAvg,60,detail.S3.1.bn,other,128,-5.6845093,4.1747947,50.76999,20.925884
IID_Partition,IID,FedAvg,60,detail.S3.2.bn,other,128,-6.921042,3.6646473,48.17047,16.182762
IID_Partition,IID,FedAvg,60,segment.S1S2.conv.bn,other,16,0.20699364,1.4668106,2.961956,3.1617935
IID_Partition,IID,FedAvg,60,segment.S1S2.left.0.bn,other,8,-5.1785355,6.0975976,44.907063,39.88925
IID_Partition,IID,FedAvg,60,segment.S1S2.left.1.bn,other,16,-1.4878455,4.0689015,41.092934,17.432022
IID_Partition,IID,FedAvg,60,segment.S1S2.fuse.bn,other,16,1.5066969,24.853163,435.7666,156.02727
IID_Partition,IID,FedAvg,60,segment.S3.0.conv1.bn,other,16,-0.6855235,9.068215,42.74757,28.091507
IID_Partition,IID,FedAvg,60,segment.S3.0.dwconv1.1,other,96,-0.2885078,2.132047,2.0794134,2.0088131
IID_Partition,IID,FedAvg,60,segment.S3.0.dwconv2.1,other,96,-0.078598924,0.43779352,1.0331863,0.9959771
IID_Partition,IID,FedAvg,60,segment.S3.0.conv2.1,other,32,0.7639283,3.3356652,10.257755,6.188407
IID_Partition,IID,FedAvg,60,segment.S3.0.shortcut.1,other,16,-0.81414473,5.36751,9.005,7.673149
IID_Partition,IID,FedAvg,60,segment.S3.0.shortcut.3,other,32,7.099455e-05,0.0015701691,67.446335,48.670593
IID_Partition,IID,FedAvg,60,segment.S3.1.conv1.bn,other,32,-5.833344,19.10713,142.97899,79.324165
IID_Partition,IID,FedAvg,60,segment.S3.1.dwconv.1,other,192,0.0036263566,0.8465545,0.6141352,0.6587094
IID_Partition,IID,FedAvg,60,segment.S3.1.conv2.1,other,32,0.25965974,1.4445878,2.8441424,1.2014652
IID_Partition,IID,FedAvg,60,segment.S4.0.conv1.bn,other,32,-0.1892302,18.157751,267.56775,111.73338
IID_Partition,IID,FedAvg,60,segment.S4.0.dwconv1.1,other,192,-0.027083965,2.0870774,1.3005196,1.4880269
IID_Partition,IID,FedAvg,60,segment.S4.0.dwconv2.1,other,192,-0.12166331,0.5178257,0.67538184,0.56339276
IID_Partition,IID,FedAvg,60,segment.S4.0.conv2.1,other,64,0.0851107,2.9379823,9.329171,8.932558
IID_Partition,IID,FedAvg,60,segment.S4.0.shortcut.1,other,32,0.3038392,8.980313,27.376083,17.049196
IID_Partition,IID,FedAvg,60,segment.S4.0.shortcut.3,other,64,1.3955472e-05,0.00096105185,49.37722,31.329367
IID_Partition,IID,FedAvg,60,segment.S4.1.conv1.bn,other,64,-2.2190425,11.6304655,85.9827,51.32206
IID_Partition,IID,FedAvg,60,segment.S4.1.dwconv.1,other,384,0.047584053,0.63582593,0.32123056,0.281245
IID_Partition,IID,FedAvg,60,segment.S4.1.conv2.1,other,64,0.0590512,1.3113408,2.1115134,0.8444453
IID_Partition,IID,FedAvg,60,segment.S5_4.0.conv1.bn,other,64,-3.9180446,7.0297246,90.93172,40.885193
IID_Partition,IID,FedAvg,60,segment.S5_4.0.dwconv1.1,other,384,0.03328409,1.0640692,0.5350186,0.62294596
IID_Partition,IID,FedAvg,60,segment.S5_4.0.dwconv2.1,other,384,-0.114368536,0.3319503,0.29822025,0.25110087
IID_Partition,IID,FedAvg,60,segment.S5_4.0.conv2.1,other,128,-0.086777,1.7866831,4.2756453,2.4245946
IID_Partition,IID,FedAvg,60,segment.S5_4.0.shortcut.1,other,64,0.35659987,3.226216,7.552928,4.227243
IID_Partition,IID,FedAvg,60,segment.S5_4.0.shortcut.3,other,128,7.732673e-06,0.00071309495,24.5299,16.452448
IID_Partition,IID,FedAvg,60,segment.S5_4.1.conv1.bn,other,128,-3.995152,7.4370027,71.317986,46.523327
IID_Partition,IID,FedAvg,60,segment.S5_4.1.dwconv.1,other,768,-0.012631101,0.36650598,0.14017041,0.16695705
IID_Partition,IID,FedAvg,60,segment.S5_4.1.conv2.1,other,128,0.18339896,1.1818928,1.7485315,1.2583696
IID_Partition,IID,FedAvg,60,segment.S5_4.2.conv1.bn,other,128,-3.2887833,5.5524406,59.658947,24.97004
IID_Partition,IID,FedAvg,60,segment.S5_4.2.dwconv.1,other,768,0.014420394,0.20878226,0.06565336,0.103059284
IID_Partition,IID,FedAvg,60,segment.S5_4.2.conv2.1,other,128,-0.1763464,1.0562861,1.1855099,0.59447753
IID_Partition,IID,FedAvg,60,segment.S5_4.3.conv1.bn,other,128,-2.7782416,7.67715,76.68001,33.297897
IID_Partition,IID,FedAvg,60,segment.S5_4.3.dwconv.1,other,768,0.012179297,0.21995643,0.07528522,0.20025663
IID_Partition,IID,FedAvg,60,segment.S5_4.3.conv2.1,other,128,-0.02544029,1.1768453,0.991982,0.5434484
IID_Partition,IID,FedAvg,60,segment.S5_5.bn,other,128,1.9823143,1.3252786,0.68625677,0.76636106
IID_Partition,IID,FedAvg,60,segment.S5_5.conv_gap.bn,other,128,-5.749341e-05,0.00085815694,16.181261,19.411469
IID_Partition,IID,FedAvg,60,segment.S5_5.conv_last.bn,other,128,-7.166563,11.516269,169.55312,84.46572
IID_Partition,IID,FedAvg,60,bga.left1.1,other,128,-0.0028473632,0.33864287,0.65334386,0.7535645
IID_Partition,IID,FedAvg,60,bga.left2.1,other,128,0.15558833,1.3722152,7.9225707,3.049216
IID_Partition,IID,FedAvg,60,bga.right1.1,other,128,-0.67062086,2.972992,41.403996,31.381273
IID_Partition,IID,FedAvg,60,bga.right2.1,other,128,-0.0029880777,0.77894664,0.71553975,0.462306
IID_Partition,IID,FedAvg,60,bga.conv.1,other,128,-4.504838,9.7324,187.92265,97.017166
IID_Partition,IID,FedAvg,60,head.conv.bn,head,1024,-1.8809384,3.1863377,14.031925,26.704693
IID_Partition,IID,FedAvg,80,detail.S1.0.bn,other,64,0.09646957,0.78593147,0.7495746,1.0383028
IID_Partition,IID,FedAvg,80,detail.S1.1.bn,other,64,-1.9795811,2.657155,24.149628,17.124062
IID_Partition,IID,FedAvg,80,detail.S2.0.bn,other,64,-3.013928,3.6749542,44.320267,21.528564
IID_Partition,IID,FedAvg,80,detail.S2.1.bn,other,64,-7.45387,5.1947227,61.30079,20.638031
IID_Partition,IID,FedAvg,80,detail.S2.2.bn,other,64,-3.4882522,4.3349347,61.182175,18.102274
IID_Partition,IID,FedAvg,80,detail.S3.0.bn,other,128,-1.9044676,6.3196697,50.428516,26.95729
IID_Partition,IID,FedAvg,80,detail.S3.1.bn,other,128,-5.398304,3.9310086,44.93095,18.498714
IID_Partition,IID,FedAvg,80,detail.S3.2.bn,other,128,-6.5524473,3.4778497,42.98848,14.404394
IID_Partition,IID,FedAvg,80,segment.S1S2.conv.bn,other,16,0.20859835,1.3912184,2.5030923,2.3922505
IID_Partition,IID,FedAvg,80,segment.S1S2.left.0.bn,other,8,-5.0275946,5.500831,42.760406,39.5934
IID_Partition,IID,FedAvg,80,segment.S1S2.left.1.bn,other,16,-1.4151618,3.9240313,38.055634,16.258308
IID_Partition,IID,FedAvg,80,segment.S1S2.fuse.bn,other,16,1.4101796,23.43911,394.30475,143.35393
IID_Partition,IID,FedAvg,80,segment.S3.0.conv1.bn,other,16,-0.4531889,9.012969,37.726124,23.869625
IID_Partition,IID,FedAvg,80,segment.S3.0.dwconv1.1,other,96,-0.29303804,2.0245352,1.861447,1.7424492
IID_Partition,IID,FedAvg,80,segment.S3.0.dwconv2.1,other,96,-0.071944684,0.41360116,0.9366684,0.95547056
IID_Partition,IID,FedAvg,80,segment.S3.0.conv2.1,other,32,0.7276776,3.1848648,9.208614,5.659598
IID_Partition,IID,FedAvg,80,segment.S3.0.shortcut.1,other,16,-0.7213106,5.1504087,8.221886,6.9714956
IID_Partition,IID,FedAvg,80,segment.S3.0.shortcut.3,other,32,3.9268427e-05,0.0014902165,61.263382,44.89463
IID_Partition,IID,FedAvg,80,segment.S3.1.conv1.bn,other,32,-5.4577956,17.786337,128.74559,70.56097
IID_Partition,IID,FedAvg,80,segment.S3.1.dwconv.1,other,192,0.006825725,0.8173833,0.5597587,0.6087019
IID_Partition,IID,FedAvg,80,segment.S3.1.conv2.1,other,32,0.25353113,1.3277406,2.5451758,1.0792753
IID_Partition,IID,FedAvg,80,segment.S4.0.conv1.bn,other,32,0.050801754,17.7316,234.72833,96.6678
IID_Partition,IID,FedAvg,80,segment.S4.0.dwconv1.1,other,192,-0.024401674,1.9744676,1.1597897,1.3312376
IID_Partition,IID,FedAvg,80,segment.S4.0.dwconv2.1,other,192,-0.11753536,0.49496385,0.60790426,0.510005
IID_Partition,IID,FedAvg,80,segment.S4.0.conv2.1,other,64,0.06927737,2.7646737,8.288641,8.007372
IID_Partition,IID,FedAvg,80,segment.S4.0.shortcut.1,other,32,0.24550086,8.474115,24.1955,15.128291
IID_Partition,IID,FedAvg,80,segment.S4.0.shortcut.3,other,64,1.4188026e-05,0.00091539125,44.55854,28.062386
IID_Partition,IID,FedAvg,80,segment.S4.1.conv1.bn,other,64,-2.1510708,10.882246,77.25838,48.646744
IID_Partition,IID,FedAvg,80,segment.S4.1.dwconv.1,other,384,0.045455396,0.610863,0.2905369,0.25737813
IID_Partition,IID,FedAvg,80,segment.S4.1.conv2.1,other,64,0.07836312,1.2652684,1.8673043,0.757721
IID_Partition,IID,FedAvg,80,segment.S5_4.0.conv1.bn,other,64,-3.5463915,6.617454,79.32605,34.51896
IID_Partition,IID,FedAvg,80,segment.S5_4.0.dwconv1.1,other,384,0.033246797,0.9986993,0.4758242,0.55376714
IID_Partition,IID,FedAvg,80,segment.S5_4.0.dwconv2.1,other,384,-0.107834004,0.31150356,0.26616147,0.2247123
IID_Partition,IID,FedAvg,80,segment.S5_4.0.conv2.1,other,128,-0.07896479,1.6827844,3.8419528,2.16589
IID_Partition,IID,FedAvg,80,segment.S5_4.0.shortcut.1,other,64,0.32304823,3.0107806,6.579721,3.5069554
IID_Partition,IID,FedAvg,80,segment.S5_4.0.shortcut.3,other,128,7.747716e-06,0.0006743348,21.758766,14.224217
IID_Partition,IID,FedAvg,80,segment.S5_4.1.conv1.bn,other,128,-3.8239715,6.974988,63.040672,40.513718
IID_Partition,IID,FedAvg,80,segment.S5_4.1.dwconv.1,other,768,-0.014335646,0.34718034,0.12571408,0.15059403
IID_Partition,IID,FedAvg,80,segment.S5_4.1.conv2.1,other,128,0.16252196,1.1118205,1.5341443,1.0838968
IID_Partition,IID,FedAvg,80,segment.S5_4.2.conv1.bn,other,128,-3.1164656,5.1690207,52.533802,22.562592
IID_Partition,IID,FedAvg,80,segment.S5_4.2.dwconv.1,other,768,0.014090561,0.1957573,0.058505405,0.09216977
IID_Partition,IID,FedAvg,80,segment.S5_4.2.conv2.1,other,128,-0.16625553,0.9988385,1.0472635,0.5300674
IID_Partition,IID,FedAvg,80,segment.S5_4.3.conv1.bn,other,128,-2.547411,7.1608353,67.546135,29.861868
IID_Partition,IID,FedAvg,80,segment.S5_4.3.dwconv.1,other,768,0.011720844,0.20581189,0.068260014,0.18266506
IID_Partition,IID,FedAvg,80,segment.S5_4.3.conv2.1,other,128,-0.028521333,1.1173109,0.87230814,0.48185593
IID_Partition,IID,FedAvg,80,segment.S5_5.bn,other,128,1.9668059,1.3218611,0.64671046,0.7388321
IID_Partition,IID,FedAvg,80,segment.S5_5.conv_gap.bn,other,128,-5.706856e-05,0.00080446724,14.504477,17.425766
IID_Partition,IID,FedAvg,80,segment.S5_5.conv_last.bn,other,128,-6.6314487,10.745954,147.4848,73.13495
IID_Partition,IID,FedAvg,80,bga.left1.1,other,128,-0.0032313652,0.3124855,0.5662879,0.6749781
IID_Partition,IID,FedAvg,80,bga.left2.1,other,128,0.14808902,1.333752,6.991128,2.5322492
IID_Partition,IID,FedAvg,80,bga.right1.1,other,128,-0.6325612,2.8073165,36.902706,28.849154
IID_Partition,IID,FedAvg,80,bga.right2.1,other,128,-0.0023600832,0.7553682,0.65484804,0.4282564
IID_Partition,IID,FedAvg,80,bga.conv.1,other,128,-4.134972,8.867548,150.37221,77.6428
IID_Partition,IID,FedAvg,80,head.conv.bn,head,1024,-1.7809337,2.5909364,11.083321,22.79098
Non_IID_Partition,Non-IID,FedAvg,100,detail.S1.0.bn,other,64,0.05143076,0.666554,0.53529596,0.8360152
Non_IID_Partition,Non-IID,FedAvg,100,detail.S1.1.bn,other,64,-1.7686323,1.9276149,12.907193,7.5550323
Non_IID_Partition,Non-IID,FedAvg,100,detail.S2.0.bn,other,64,-2.293343,2.6534944,23.03799,11.692784
Non_IID_Partition,Non-IID,FedAvg,100,detail.S2.1.bn,other,64,-5.597413,3.8125775,34.203636,11.504821
Non_IID_Partition,Non-IID,FedAvg,100,detail.S2.2.bn,other,64,-3.246488,3.1268551,35.54998,9.680617
Non_IID_Partition,Non-IID,FedAvg,100,detail.S3.0.bn,other,128,-1.3370537,4.60455,27.193699,13.845061
Non_IID_Partition,Non-IID,FedAvg,100,detail.S3.1.bn,other,128,-4.1682796,3.0484378,24.952568,9.799895
Non_IID_Partition,Non-IID,FedAvg,100,detail.S3.2.bn,other,128,-4.835164,2.7767315,23.802578,7.746141
Non_IID_Partition,Non-IID,FedAvg,100,segment.S1S2.conv.bn,other,16,-0.1454481,1.0418117,1.4098521,1.392577
Non_IID_Partition,Non-IID,FedAvg,100,segment.S1S2.left.0.bn,other,8,-4.3179603,3.8644452,38.885597,36.859936
Non_IID_Partition,Non-IID,FedAvg,100,segment.S1S2.left.1.bn,other,16,-0.8956,3.7940593,30.585968,13.600743
Non_IID_Partition,Non-IID,FedAvg,100,segment.S1S2.fuse.bn,other,16,-2.105743,22.198135,298.82446,127.32679
Non_IID_Partition,Non-IID,FedAvg,100,segment.S3.0.conv1.bn,other,16,-0.195598,7.8904905,26.242306,12.779206
Non_IID_Partition,Non-IID,FedAvg,100,segment.S3.0.dwconv1.1,other,96,-0.27030253,1.6137675,1.1088015,0.6734859
Non_IID_Partition,Non-IID,FedAvg,100,segment.S3.0.dwconv2.1,other,96,-0.048060965,0.35526937,0.70739394,0.7713311
Non_IID_Partition,Non-IID,FedAvg,100,segment.S3.0.conv2.1,other,32,0.82783115,2.5376263,6.5612288,4.184669
Non_IID_Partition,Non-IID,FedAvg,100,segment.S3.0.shortcut.1,other,16,-0.3905693,4.0615497,5.019937,3.7404654
Non_IID_Partition,Non-IID,FedAvg,100,segment.S3.0.shortcut.3,other,32,2.126076e-05,0.0012166227,43.662216,32.474537
Non_IID_Partition,Non-IID,FedAvg,100,segment.S3.1.conv1.bn,other,32,-6.66679,12.301497,100.34265,60.083
Non_IID_Partition,Non-IID,FedAvg,100,segment.S3.1.dwconv.1,other,192,0.050229568,0.6957565,0.414907,0.44899577
Non_IID_Partition,Non-IID,FedAvg,100,segment.S3.1.conv2.1,other,32,0.26997167,1.1004646,1.8806977,0.75078666
Non_IID_Partition,Non-IID,FedAvg,100,segment.S4.0.conv1.bn,other,32,-1.1903732,15.602694,146.99188,53.800446
Non_IID_Partition,Non-IID,FedAvg,100,segment.S4.0.dwconv1.1,other,192,0.002665254,1.5203594,0.676697,0.7274533
Non_IID_Partition,Non-IID,FedAvg,100,segment.S4.0.dwconv2.1,other,192,-0.09817443,0.40438432,0.44254506,0.39783302
Non_IID_Partition,Non-IID,FedAvg,100,segment.S4.0.conv2.1,other,64,0.17760794,2.0692573,5.0941734,4.4384527
Non_IID_Partition,Non-IID,FedAvg,100,segment.S4.0.shortcut.1,other,32,0.06127125,6.551074,14.181116,9.215641
Non_IID_Partition,Non-IID,FedAvg,100,segment.S4.0.shortcut.3,other,64,-7.9657184e-08,0.00079368596,30.210587,18.526966
Non_IID_Partition,Non-IID,FedAvg,100,segment.S4.1.conv1.bn,other,64,-0.96898234,9.274564,55.72706,46.09384
Non_IID_Partition,Non-IID,FedAvg,100,segment.S4.1.dwconv.1,other,384,0.04984347,0.47343072,0.2027375,0.17911047
Non_IID_Partition,Non-IID,FedAvg,100,segment.S4.1.conv2.1,other,64,0.01810737,1.1243517,1.2832379,0.53677696
Non_IID_Partition,Non-IID,FedAvg,100,segment.S5_4.0.conv1.bn,other,64,-1.7523813,5.463596,47.932587,20.167591
Non_IID_Partition,Non-IID,FedAvg,100,segment.S5_4.0.dwconv1.1,other,384,0.024325132,0.7502713,0.27061462,0.32231098
Non_IID_Partition,Non-IID,FedAvg,100,segment.S5_4.0.dwconv2.1,other,384,-0.08759853,0.25090295,0.16791742,0.15170497
Non_IID_Partition,Non-IID,FedAvg,100,segment.S5_4.0.conv2.1,other,128,-0.059267137,1.2891942,2.2888293,1.2950033
Non_IID_Partition,Non-IID,FedAvg,100,segment.S5_4.0.shortcut.1,other,64,0.19200939,2.2129545,3.6766372,1.8182615
Non_IID_Partition,Non-IID,FedAvg,100,segment.S5_4.0.shortcut.3,other,128,1.025637e-05,0.00054300315,13.616861,8.551752
Non_IID_Partition,Non-IID,FedAvg,100,segment.S5_4.1.conv1.bn,other,128,-3.2819686,5.358649,39.600216,22.119503
Non_IID_Partition,Non-IID,FedAvg,100,segment.S5_4.1.dwconv.1,other,768,-0.0069217845,0.26477948,0.0812655,0.10251436
Non_IID_Partition,Non-IID,FedAvg,100,segment.S5_4.1.conv2.1,other,128,0.086442366,0.85759836,0.94858134,0.6292299
Non_IID_Partition,Non-IID,FedAvg,100,segment.S5_4.2.conv1.bn,other,128,-2.6277018,4.36191,36.186386,16.306839
Non_IID_Partition,Non-IID,FedAvg,100,segment.S5_4.2.dwconv.1,other,768,0.010547697,0.14296108,0.037177186,0.064094625
Non_IID_Partition,Non-IID,FedAvg,100,segment.S5_4.2.conv2.1,other,128,-0.16883726,0.7742715,0.6561381,0.35922933
Non_IID_Partition,Non-IID,FedAvg,100,segment.S5_4.3.conv1.bn,other,128,-2.1495175,5.052736,47.342636,25.779188
Non_IID_Partition,Non-IID,FedAvg,100,segment.S5_4.3.dwconv.1,other,768,0.0076283277,0.1473259,0.04021624,0.08339904
Non_IID_Partition,Non-IID,FedAvg,100,segment.S5_4.3.conv2.1,other,128,-0.008455047,0.86851233,0.5724753,0.33917162
Non_IID_Partition,Non-IID,FedAvg,100,segment.S5_5.bn,other,128,1.9380908,1.3149406,0.56616473,0.5816455
Non_IID_Partition,Non-IID,FedAvg,100,segment.S5_5.conv_gap.bn,other,128,-4.3526503e-05,0.0006026649,8.750165,9.1378565
Non_IID_Partition,Non-IID,FedAvg,100,segment.S5_5.conv_last.bn,other,128,-4.261261,7.936213,84.14723,39.507725
Non_IID_Partition,Non-IID,FedAvg,100,bga.left1.1,other,128,-0.0017783768,0.21974261,0.2920347,0.39538094
Non_IID_Partition,Non-IID,FedAvg,100,bga.left2.1,other,128,0.07497501,1.0816021,4.178806,1.4335887
Non_IID_Partition,Non-IID,FedAvg,100,bga.right1.1,other,128,-0.6260643,2.1211376,21.510605,19.036434
Non_IID_Partition,Non-IID,FedAvg,100,bga.right2.1,other,128,-0.0124265775,0.6173926,0.40600136,0.31908214
Non_IID_Partition,Non-IID,FedAvg,100,bga.conv.1,other,128,-2.3251247,5.3064895,52.453827,28.274391
Non_IID_Partition,Non-IID,FedAvg,100,head.conv.bn,head,1024,-1.7082899,2.143041,9.869502,19.144148
Non_IID_Partition,Non-IID,FedAvg,20,detail.S1.0.bn,other,64,0.17003824,1.0934892,1.495366,2.1467898
Non_IID_Partition,Non-IID,FedAvg,20,detail.S1.1.bn,other,64,-2.3590667,3.167724,36.55249,29.18457
Non_IID_Partition,Non-IID,FedAvg,20,detail.S2.0.bn,other,64,-3.2815168,4.4509196,73.60753,104.61094
Non_IID_Partition,Non-IID,FedAvg,20,detail.S2.1.bn,other,64,-8.15167,6.2991934,89.79193,34.07336
Non_IID_Partition,Non-IID,FedAvg,20,detail.S2.2.bn,other,64,-4.050519,5.6382604,81.89921,24.883598
Non_IID_Partition,Non-IID,FedAvg,20,detail.S3.0.bn,other,128,-2.0117972,7.339899,69.295654,37.17231
Non_IID_Partition,Non-IID,FedAvg,20,detail.S3.1.bn,other,128,-6.224967,4.740517,62.453033,25.854012
Non_IID_Partition,Non-IID,FedAvg,20,detail.S3.2.bn,other,128,-7.3654003,4.109834,57.136913,19.02257
Non_IID_Partition,Non-IID,FedAvg,20,segment.S1S2.conv.bn,other,16,-0.5942835,1.5528065,3.455021,3.957515
Non_IID_Partition,Non-IID,FedAvg,20,segment.S1S2.left.0.bn,other,8,-5.7479343,4.8016515,55.981567,46.463154
Non_IID_Partition,Non-IID,FedAvg,20,segment.S1S2.left.1.bn,other,16,-0.501143,3.5704453,48.775074,25.239183
Non_IID_Partition,Non-IID,FedAvg,20,segment.S1S2.fuse.bn,other,16,-0.6110903,28.408888,600.30286,223.16994
Non_IID_Partition,Non-IID,FedAvg,20,segment.S3.0.conv1.bn,other,16,-1.6774272,8.725329,51.721245,34.10246
Non_IID_Partition,Non-IID,FedAvg,20,segment.S3.0.dwconv1.1,other,96,-0.36206853,2.2765894,2.223174,1.496361
Non_IID_Partition,Non-IID,FedAvg,20,segment.S3.0.dwconv2.1,other,96,-0.066772,0.45235267,1.1775147,1.0041792
Non_IID_Partition,Non-IID,FedAvg,20,segment.S3.0.conv2.1,other,32,1.0182476,3.7341452,13.121019,7.5961003
Non_IID_Partition,Non-IID,FedAvg,20,segment.S3.0.shortcut.1,other,16,-1.1449394,5.4277225,9.751652,8.440034
Non_IID_Partition,Non-IID,FedAvg,20,segment.S3.0.shortcut.3,other,32,0.00019199293,0.0016565252,81.06867,61.23097
Non_IID_Partition,Non-IID,FedAvg,20,segment.S3.1.conv1.bn,other,32,-7.8977456,19.939075,179.98564,112.20285
Non_IID_Partition,Non-IID,FedAvg,20,segment.S3.1.dwconv.1,other,192,0.04364404,0.9101386,0.72207236,0.7821853
Non_IID_Partition,Non-IID,FedAvg,20,segment.S3.1.conv2.1,other,32,0.2564816,1.6774037,3.5469284,1.4689482
Non_IID_Partition,Non-IID,FedAvg,20,segment.S4.0.conv1.bn,other,32,-0.040029287,20.431137,350.81702,154.2642
Non_IID_Partition,Non-IID,FedAvg,20,segment.S4.0.dwconv1.1,other,192,-0.023770915,2.257514,1.5146123,1.627334
Non_IID_Partition,Non-IID,FedAvg,20,segment.S4.0.dwconv2.1,other,192,-0.16007869,0.64915633,0.8620119,1.2534273
Non_IID_Partition,Non-IID,FedAvg,20,segment.S4.0.conv2.1,other,64,0.09312505,3.3235214,11.462594,10.463029
Non_IID_Partition,Non-IID,FedAvg,20,segment.S4.0.shortcut.1,other,32,0.33006173,9.889522,34.137222,21.484613
Non_IID_Partition,Non-IID,FedAvg,20,segment.S4.0.shortcut.3,other,64,-1.3372035e-05,0.0010911438,58.801033,37.58605
Non_IID_Partition,Non-IID,FedAvg,20,segment.S4.1.conv1.bn,other,64,-1.65395,13.546678,101.72877,56.724552
Non_IID_Partition,Non-IID,FedAvg,20,segment.S4.1.dwconv.1,other,384,0.0483691,0.68878615,0.38926753,0.33081433
Non_IID_Partition,Non-IID,FedAvg,20,segment.S4.1.conv2.1,other,64,0.032531418,1.4833195,2.8020873,1.2096417
Non_IID_Partition,Non-IID,FedAvg,20,segment.S5_4.0.conv1.bn,other,64,-3.2976117,7.797549,120.24805,57.552105
Non_IID_Partition,Non-IID,FedAvg,20,segment.S5_4.0.dwconv1.1,other,384,0.034888577,1.1874955,0.66574484,0.7531408
Non_IID_Partition,Non-IID,FedAvg,20,segment.S5_4.0.dwconv2.1,other,384,-0.13716935,0.3759553,0.36026517,0.3073955
Non_IID_Partition,Non-IID,FedAvg,20,segment.S5_4.0.conv2.1,other,128,-0.123484224,1.9653939,5.2320027,3.0709124
Non_IID_Partition,Non-IID,FedAvg,20,segment.S5_4.0.shortcut.1,other,64,0.40188012,3.602951,9.850012,6.4918947
Non_IID_Partition,Non-IID,FedAvg,20,segment.S5_4.0.shortcut.3,other,128,8.1536255e-06,0.0007867383,29.847492,21.262728
Non_IID_Partition,Non-IID,FedAvg,20,segment.S5_4.1.conv1.bn,other,128,-4.3248596,8.793414,94.94592,65.00569
Non_IID_Partition,Non-IID,FedAvg,20,segment.S5_4.1.dwconv.1,other,768,-0.0100944685,0.4060542,0.17375547,0.22753885
Non_IID_Partition,Non-IID,FedAvg,20,segment.S5_4.1.conv2.1,other,128,0.18220124,1.3161263,2.1157036,1.5227695
Non_IID_Partition,Non-IID,FedAvg,20,segment.S5_4.2.conv1.bn,other,128,-3.7392879,7.007837,84.1026,38.370087
Non_IID_Partition,Non-IID,FedAvg,20,segment.S5_4.2.dwconv.1,other,768,0.014544296,0.22967654,0.07922139,0.12321622
Non_IID_Partition,Non-IID,FedAvg,20,segment.S5_4.2.conv2.1,other,128,-0.20164618,1.198899,1.4709706,0.7461194
Non_IID_Partition,Non-IID,FedAvg,20,segment.S5_4.3.conv1.bn,other,128,-3.4649856,8.3250475,111.515564,57.344646
Non_IID_Partition,Non-IID,FedAvg,20,segment.S5_4.3.dwconv.1,other,768,0.012219255,0.2411732,0.08774316,0.20317698
Non_IID_Partition,Non-IID,FedAvg,20,segment.S5_4.3.conv2.1,other,128,-0.0006819926,1.2926222,1.3181893,0.7164224
Non_IID_Partition,Non-IID,FedAvg,20,segment.S5_5.bn,other,128,2.0183814,1.343401,0.7796615,0.877372
Non_IID_Partition,Non-IID,FedAvg,20,segment.S5_5.conv_gap.bn,other,128,-6.809777e-05,0.00094004034,19.875858,21.36524
Non_IID_Partition,Non-IID,FedAvg,20,segment.S5_5.conv_last.bn,other,128,-8.242483,12.995234,226.4571,123.61805
Non_IID_Partition,Non-IID,FedAvg,20,bga.left1.1,other,128,0.0021194946,0.36995652,0.8053026,0.92721707
Non_IID_Partition,Non-IID,FedAvg,20,bga.left2.1,other,128,0.12699403,1.3931434,9.75803,4.2414603
Non_IID_Partition,Non-IID,FedAvg,20,bga.right1.1,other,128,-0.7620951,3.233938,47.5007,37.544804
Non_IID_Partition,Non-IID,FedAvg,20,bga.right2.1,other,128,-0.02381285,0.8107174,0.79871595,0.5305505
Non_IID_Partition,Non-IID,FedAvg,20,bga.conv.1,other,128,-4.673735,10.882827,284.7447,158.31183
Non_IID_Partition,Non-IID,FedAvg,20,head.conv.bn,head,1024,-2.236683,6.237836,42.591835,42.820847
Non_IID_Partition,Non-IID,FedAvg,40,detail.S1.0.bn,other,64,0.108142324,0.90935725,0.9462522,1.4077772
Non_IID_Partition,Non-IID,FedAvg,40,detail.S1.1.bn,other,64,-2.0951633,2.6601586,25.169594,18.571953
Non_IID_Partition,Non-IID,FedAvg,40,detail.S2.0.bn,other,64,-2.8877268,3.7097025,46.729248,36.535458
Non_IID_Partition,Non-IID,FedAvg,40,detail.S2.1.bn,other,64,-7.2477193,5.269151,63.600533,23.159203
Non_IID_Partition,Non-IID,FedAvg,40,detail.S2.2.bn,other,64,-3.8111377,4.5388517,61.917076,17.351307
Non_IID_Partition,Non-IID,FedAvg,40,detail.S3.0.bn,other,128,-1.8064857,6.2795377,50.005104,26.06935
Non_IID_Partition,Non-IID,FedAvg,40,detail.S3.1.bn,other,128,-5.477602,4.0332375,45.55043,18.642952
Non_IID_Partition,Non-IID,FedAvg,40,detail.S3.2.bn,other,128,-6.4249644,3.578154,42.255844,13.975415
Non_IID_Partition,Non-IID,FedAvg,40,segment.S1S2.conv.bn,other,16,-0.4065048,1.212918,2.1007595,1.7398621
Non_IID_Partition,Non-IID,FedAvg,40,segment.S1S2.left.0.bn,other,8,-5.2920074,4.4386144,47.277534,40.36369
Non_IID_Partition,Non-IID,FedAvg,40,segment.S1S2.left.1.bn,other,16,-0.576084,4.133015,40.353626,17.163092
Non_IID_Partition,Non-IID,FedAvg,40,segment.S1S2.fuse.bn,other,16,-1.7045674,26.540756,459.43808,169.30847
Non_IID_Partition,Non-IID,FedAvg,40,segment.S3.0.conv1.bn,other,16,-0.3670845,8.686256,39.211967,19.000265
Non_IID_Partition,Non-IID,FedAvg,40,segment.S3.0.dwconv1.1,other,96,-0.32692096,2.0094051,1.7371817,1.0732573
Non_IID_Partition,Non-IID,FedAvg,40,segment.S3.0.dwconv2.1,other,96,-0.05416729,0.41080296,0.9956897,0.964417
Non_IID_Partition,Non-IID,FedAvg,40,segment.S3.0.conv2.1,other,32,1.0028065,3.2880247,9.7417,5.6554804
Non_IID_Partition,Non-IID,FedAvg,40,segment.S3.0.shortcut.1,other,16,-0.8016476,5.000814,7.864027,6.8829722
Non_IID_Partition,Non-IID,FedAvg,40,segment.S3.0.shortcut.3,other,32,0.00013736362,0.001449025,65.2472,48.26244
Non_IID_Partition,Non-IID,FedAvg,40,segment.S3.1.conv1.bn,other,32,-7.509336,17.36044,152.00604,95.40063
Non_IID_Partition,Non-IID,FedAvg,40,segment.S3.1.dwconv.1,other,192,0.03832848,0.84354,0.5872348,0.64707196
Non_IID_Partition,Non-IID,FedAvg,40,segment.S3.1.conv2.1,other,32,0.25674966,1.4206157,2.7675843,1.1406078
Non_IID_Partition,Non-IID,FedAvg,40,segment.S4.0.conv1.bn,other,32,-0.6392908,18.747408,255.86836,96.3005
Non_IID_Partition,Non-IID,FedAvg,40,segment.S4.0.dwconv1.1,other,192,-0.0040679574,1.967444,1.1453539,1.2456281
Non_IID_Partition,Non-IID,FedAvg,40,segment.S4.0.dwconv2.1,other,192,-0.13566892,0.5469489,0.6786583,0.7726057
Non_IID_Partition,Non-IID,FedAvg,40,segment.S4.0.conv2.1,other,64,0.12221953,2.8100028,8.494179,7.634956
Non_IID_Partition,Non-IID,FedAvg,40,segment.S4.0.shortcut.1,other,32,0.17434138,8.516629,25.397728,15.483667
Non_IID_Partition,Non-IID,FedAvg,40,segment.S4.0.shortcut.3,other,64,-4.592228e-06,0.0009784258,46.498524,29.252937
Non_IID_Partition,Non-IID,FedAvg,40,segment.S4.1.conv1.bn,other,64,-1.2235739,12.000144,81.8642,58.1111
Non_IID_Partition,Non-IID,FedAvg,40,segment.S4.1.dwconv.1,other,384,0.046130747,0.60508585,0.30599412,0.26268554
Non_IID_Partition,Non-IID,FedAvg,40,segment.S4.1.conv2.1,other,64,0.01454892,1.3665389,2.042511,0.83649224
Non_IID_Partition,Non-IID,FedAvg,40,segment.S5_4.0.conv1.bn,other,64,-2.4681215,6.917677,87.48236,41.449917
Non_IID_Partition,Non-IID,FedAvg,40,segment.S5_4.0.dwconv1.1,other,384,0.02844432,1.0117742,0.48795357,0.55949444
Non_IID_Partition,Non-IID,FedAvg,40,segment.S5_4.0.dwconv2.1,other,384,-0.11687996,0.3231462,0.27048445,0.23327851
Non_IID_Partition,Non-IID,FedAvg,40,segment.S5_4.0.conv2.1,other,128,-0.08770482,1.683215,3.9159799,2.2435424
Non_IID_Partition,Non-IID,FedAvg,40,segment.S5_4.0.shortcut.1,other,64,0.3034627,3.0190048,6.9136868,3.7968946
Non_IID_Partition,Non-IID,FedAvg,40,segment.S5_4.0.shortcut.3,other,128,1.2727449e-05,0.0006877241,22.607744,15.2959385
Non_IID_Partition,Non-IID,FedAvg,40,segment.S5_4.1.conv1.bn,other,128,-3.9226835,7.433957,69.34386,43.155052
Non_IID_Partition,Non-IID,FedAvg,40,segment.S5_4.1.dwconv.1,other,768,-0.010073635,0.34556937,0.1320525,0.17190401
Non_IID_Partition,Non-IID,FedAvg,40,segment.S5_4.1.conv2.1,other,128,0.12954663,1.11521,1.5885396,1.1449968
Non_IID_Partition,Non-IID,FedAvg,40,segment.S5_4.2.conv1.bn,other,128,-3.2997398,5.8887014,61.921234,28.432043
Non_IID_Partition,Non-IID,FedAvg,40,segment.S5_4.2.dwconv.1,other,768,0.01361289,0.1908951,0.05927084,0.09468568
Non_IID_Partition,Non-IID,FedAvg,40,segment.S5_4.2.conv2.1,other,128,-0.18989363,1.0142076,1.0973904,0.56686306
Non_IID_Partition,Non-IID,FedAvg,40,segment.S5_4.3.conv1.bn,other,128,-2.9869976,6.91141,82.63289,44.826145
Non_IID_Partition,Non-IID,FedAvg,40,segment.S5_4.3.dwconv.1,other,768,0.01075302,0.20250799,0.06576184,0.14510612
Non_IID_Partition,Non-IID,FedAvg,40,segment.S5_4.3.conv2.1,other,128,0.0072213598,1.1146945,0.9624906,0.52578926
Non_IID_Partition,Non-IID,FedAvg,40,segment.S5_5.bn,other,128,1.9843744,1.3299747,0.67391473,0.7226211
Non_IID_Partition,Non-IID,FedAvg,40,segment.S5_5.conv_gap.bn,other,128,-6.113616e-05,0.0007993075,14.920734,16.34162
Non_IID_Partition,Non-IID,FedAvg,40,segment.S5_5.conv_last.bn,other,128,-6.579568,10.981116,163.21115,87.423965
Non_IID_Partition,Non-IID,FedAvg,40,bga.left1.1,other,128,-0.00075990614,0.3066952,0.56270206,0.67259175
Non_IID_Partition,Non-IID,FedAvg,40,bga.left2.1,other,128,0.100465685,1.2573297,7.102421,2.7326949
Non_IID_Partition,Non-IID,FedAvg,40,bga.right1.1,other,128,-0.7245764,2.7818007,36.68685,30.698845
Non_IID_Partition,Non-IID,FedAvg,40,bga.right2.1,other,128,-0.016512468,0.755844,0.64862907,0.45604375
Non_IID_Partition,Non-IID,FedAvg,40,bga.conv.1,other,128,-3.9228435,8.536134,153.95938,82.45611
Non_IID_Partition,Non-IID,FedAvg,40,head.conv.bn,head,1024,-1.9674866,3.0236852,15.781232,32.722694
Non_IID_Partition,Non-IID,FedAvg,60,detail.S1.0.bn,other,64,0.07488738,0.80095416,0.72282624,1.1232007
Non_IID_Partition,Non-IID,FedAvg,60,detail.S1.1.bn,other,64,-1.8953735,2.3025713,19.299168,12.610702
Non_IID_Partition,Non-IID,FedAvg,60,detail.S2.0.bn,other,64,-2.6382766,3.14101,33.362865,20.96788
Non_IID_Partition,Non-IID,FedAvg,60,detail.S2.1.bn,other,64,-6.5363674,4.584691,48.2147,16.80106
Non_IID_Partition,Non-IID,FedAvg,60,detail.S2.2.bn,other,64,-3.5498304,3.8680778,49.313175,13.658271
Non_IID_Partition,Non-IID,FedAvg,60,detail.S3.0.bn,other,128,-1.5881517,5.514174,37.99498,19.35892
Non_IID_Partition,Non-IID,FedAvg,60,detail.S3.1.bn,other,128,-4.888571,3.5832014,34.958138,14.037125
Non_IID_Partition,Non-IID,FedAvg,60,detail.S3.2.bn,other,128,-5.7221107,3.2151258,32.981503,10.75986
Non_IID_Partition,Non-IID,FedAvg,60,segment.S1S2.conv.bn,other,16,-0.22371651,1.1288984,1.6008629,1.4599744
Non_IID_Partition,Non-IID,FedAvg,60,segment.S1S2.left.0.bn,other,8,-5.0059395,4.2216897,43.810272,38.627426
Non_IID_Partition,Non-IID,FedAvg,60,segment.S1S2.left.1.bn,other,16,-0.70803887,3.972562,36.16028,15.388022
Non_IID_Partition,Non-IID,FedAvg,60,segment.S1S2.fuse.bn,other,16,-2.2684293,24.427017,382.30072,148.33357
Non_IID_Partition,Non-IID,FedAvg,60,segment.S3.0.conv1.bn,other,16,-0.34081602,8.241921,32.676147,15.350663
Non_IID_Partition,Non-IID,FedAvg,60,segment.S3.0.dwconv1.1,other,96,-0.30561367,1.8356183,1.4364632,0.8640839
Non_IID_Partition,Non-IID,FedAvg,60,segment.S3.0.dwconv2.1,other,96,-0.0507182,0.39035705,0.8627468,0.8898711
Non_IID_Partition,Non-IID,FedAvg,60,segment.S3.0.conv2.1,other,32,0.9516279,3.0271914,8.09064,4.904533
Non_IID_Partition,Non-IID,FedAvg,60,segment.S3.0.shortcut.1,other,16,-0.61051047,4.575213,6.473032,5.3753796
Non_IID_Partition,Non-IID,FedAvg,60,segment.S3.0.shortcut.3,other,32,8.7120185e-05,0.0013332429,54.691586,40.12648
Non_IID_Partition,Non-IID,FedAvg,60,segment.S3.1.conv1.bn,other,32,-7.333238,15.150326,127.36983,76.533165
Non_IID_Partition,Non-IID,FedAvg,60,segment.S3.1.dwconv.1,other,192,0.039793402,0.78040624,0.49912253,0.54269266
Non_IID_Partition,Non-IID,FedAvg,60,segment.S3.1.conv2.1,other,32,0.30190164,1.2712677,2.321555,0.9701101
Non_IID_Partition,Non-IID,FedAvg,60,segment.S4.0.conv1.bn,other,32,-1.3414452,17.26419,203.60544,74.6946
Non_IID_Partition,Non-IID,FedAvg,60,segment.S4.0.dwconv1.1,other,192,-0.004853081,1.7620553,0.9106005,0.9946621
Non_IID_Partition,Non-IID,FedAvg,60,segment.S4.0.dwconv2.1,other,192,-0.116711736,0.4752766,0.5590034,0.55119604
Non_IID_Partition,Non-IID,FedAvg,60,segment.S4.0.conv2.1,other,64,0.17616005,2.4714704,6.7547092,5.9014173
Non_IID_Partition,Non-IID,FedAvg,60,segment.S4.0.shortcut.1,other,32,0.13077828,7.621634,19.913847,12.39721
Non_IID_Partition,Non-IID,FedAvg,60,segment.S4.0.shortcut.3,other,64,-4.3856626e-06,0.00089586544,38.597157,24.273916
Non_IID_Partition,Non-IID,FedAvg,60,segment.S4.1.conv1.bn,other,64,-1.1138775,10.696434,70.38119,53.906113
Non_IID_Partition,Non-IID,FedAvg,60,segment.S4.1.dwconv.1,other,384,0.047137503,0.5427159,0.2551593,0.22024366
Non_IID_Partition,Non-IID,FedAvg,60,segment.S4.1.conv2.1,other,64,0.007974908,1.2445433,1.6860037,0.718445
Non_IID_Partition,Non-IID,FedAvg,60,segment.S5_4.0.conv1.bn,other,64,-2.1719055,6.326953,67.3303,29.585226
Non_IID_Partition,Non-IID,FedAvg,60,segment.S5_4.0.dwconv1.1,other,384,0.02412761,0.88537467,0.37597394,0.43948698
Non_IID_Partition,Non-IID,FedAvg,60,segment.S5_4.0.dwconv2.1,other,384,-0.10234051,0.28921157,0.21964203,0.1933344
Non_IID_Partition,Non-IID,FedAvg,60,segment.S5_4.0.conv2.1,other,128,-0.08031756,1.5042554,3.0972524,1.7489029
Non_IID_Partition,Non-IID,FedAvg,60,segment.S5_4.0.shortcut.1,other,64,0.2379837,2.6361291,5.318289,2.7613807
Non_IID_Partition,Non-IID,FedAvg,60,segment.S5_4.0.shortcut.3,other,128,1.3690262e-05,0.0006253044,18.010544,11.621259
Non_IID_Partition,Non-IID,FedAvg,60,segment.S5_4.1.conv1.bn,other,128,-3.615718,6.44994,53.93972,30.960773
Non_IID_Partition,Non-IID,FedAvg,60,segment.S5_4.1.dwconv.1,other,768,-0.007550741,0.30711526,0.106654964,0.13636225
Non_IID_Partition,Non-IID,FedAvg,60,segment.S5_4.1.conv2.1,other,128,0.11136599,0.9927881,1.2831309,0.88004845
Non_IID_Partition,Non-IID,FedAvg,60,segment.S5_4.2.conv1.bn,other,128,-2.9820218,5.2988935,49.009476,22.277355
Non_IID_Partition,Non-IID,FedAvg,60,segment.S5_4.2.dwconv.1,other,768,0.011706271,0.16605866,0.047999997,0.079353295
Non_IID_Partition,Non-IID,FedAvg,60,segment.S5_4.2.conv2.1,other,128,-0.18301348,0.8989539,0.8731632,0.44776103
Non_IID_Partition,Non-IID,FedAvg,60,segment.S5_4.3.conv1.bn,other,128,-2.4482844,6.002873,64.44155,34.963196
Non_IID_Partition,Non-IID,FedAvg,60,segment.S5_4.3.dwconv.1,other,768,0.009031414,0.17701648,0.053602487,0.11519252
Non_IID_Partition,Non-IID,FedAvg,60,segment.S5_4.3.conv2.1,other,128,-0.007123597,0.99729896,0.77232355,0.43289012
Non_IID_Partition,Non-IID,FedAvg,60,segment.S5_5.bn,other,128,1.9691684,1.3242072,0.6640111,0.67852145
Non_IID_Partition,Non-IID,FedAvg,60,segment.S5_5.conv_gap.bn,other,128,-5.018092e-05,0.00070394704,11.716267,12.448575
Non_IID_Partition,Non-IID,FedAvg,60,segment.S5_5.conv_last.bn,other,128,-5.5030107,9.5914135,124.503525,61.70559
Non_IID_Partition,Non-IID,FedAvg,60,bga.left1.1,other,128,-0.002284023,0.26310784,0.41074336,0.5053845
Non_IID_Partition,Non-IID,FedAvg,60,bga.left2.1,other,128,0.08236854,1.1667421,5.4145555,1.9239851
Non_IID_Partition,Non-IID,FedAvg,60,bga.right1.1,other,128,-0.680113,2.4819775,28.994942,24.385244
Non_IID_Partition,Non-IID,FedAvg,60,bga.right2.1,other,128,-0.0150965825,0.6979887,0.5340428,0.40333655
Non_IID_Partition,Non-IID,FedAvg,60,bga.conv.1,other,128,-3.1224322,6.985323,95.24113,50.596413
Non_IID_Partition,Non-IID,FedAvg,60,head.conv.bn,head,1024,-1.9732656,2.6265957,13.7780075,28.71806
Non_IID_Partition,Non-IID,FedAvg,80,detail.S1.0.bn,other,64,0.057127275,0.73942214,0.5752825,0.89224154
Non_IID_Partition,Non-IID,FedAvg,80,detail.S1.1.bn,other,64,-1.8335569,2.0800543,16.173492,9.92466
Non_IID_Partition,Non-IID,FedAvg,80,detail.S2.0.bn,other,64,-2.4508257,2.8671837,27.660954,16.049952
Non_IID_Partition,Non-IID,FedAvg,80,detail.S2.1.bn,other,64,-6.006588,4.116593,40.45938,14.249434
Non_IID_Partition,Non-IID,FedAvg,80,detail.S2.2.bn,other,64,-3.402888,3.42775,41.141113,11.359789
Non_IID_Partition,Non-IID,FedAvg,80,detail.S3.0.bn,other,128,-1.4500222,5.0243154,31.902729,16.345404
Non_IID_Partition,Non-IID,FedAvg,80,detail.S3.1.bn,other,128,-4.4969473,3.3016286,29.459826,11.840909
Non_IID_Partition,Non-IID,FedAvg,80,detail.S3.2.bn,other,128,-5.234918,2.9761667,27.734684,8.954273
Non_IID_Partition,Non-IID,FedAvg,80,segment.S1S2.conv.bn,other,16,-0.19698916,1.0929476,1.4745879,1.4345078
Non_IID_Partition,Non-IID,FedAvg,80,segment.S1S2.left.0.bn,other,8,-4.6548023,3.9998527,40.810295,37.00688
Non_IID_Partition,Non-IID,FedAvg,80,segment.S1S2.left.1.bn,other,16,-0.89871323,3.9107504,32.748863,13.571858
Non_IID_Partition,Non-IID,FedAvg,80,segment.S1S2.fuse.bn,other,16,-2.1472218,23.26669,341.8697,140.5457
Non_IID_Partition,Non-IID,FedAvg,80,segment.S3.0.conv1.bn,other,16,0.017418385,7.9200826,29.126814,13.86672
Non_IID_Partition,Non-IID,FedAvg,80,segment.S3.0.dwconv1.1,other,96,-0.29656875,1.7121347,1.2574506,0.76583153
Non_IID_Partition,Non-IID,FedAvg,80,segment.S3.0.dwconv2.1,other,96,-0.04746157,0.37594542,0.7928379,0.88249576
Non_IID_Partition,Non-IID,FedAvg,80,segment.S3.0.conv2.1,other,32,0.8423447,2.7720394,7.2053742,4.451614
Non_IID_Partition,Non-IID,FedAvg,80,segment.S3.0.shortcut.1,other,16,-0.4337886,4.3155394,5.656838,4.4772935
Non_IID_Partition,Non-IID,FedAvg,80,segment.S3.0.shortcut.3,other,32,4.686314e-05,0.0012708384,48.8293,36.138165
Non_IID_Partition,Non-IID,FedAvg,80,segment.S3.1.conv1.bn,other,32,-6.9101934,13.45377,112.64246,66.2431
Non_IID_Partition,Non-IID,FedAvg,80,segment.S3.1.dwconv.1,other,192,0.043641407,0.73096216,0.450253,0.48713952
Non_IID_Partition,Non-IID,FedAvg,80,segment.S3.1.conv2.1,other,32,0.28689837,1.1772598,2.0761213,0.8429577
Non_IID_Partition,Non-IID,FedAvg,80,segment.S4.0.conv1.bn,other,32,-1.2635814,16.514456,171.36081,63.341187
Non_IID_Partition,Non-IID,FedAvg,80,segment.S4.0.dwconv1.1,other,192,-0.00039433068,1.6224003,0.7778475,0.8487448
Non_IID_Partition,Non-IID,FedAvg,80,segment.S4.0.dwconv2.1,other,192,-0.10663613,0.4348917,0.49318728,0.4599741
Non_IID_Partition,Non-IID,FedAvg,80,segment.S4.0.conv2.1,other,64,0.18033382,2.277204,5.827383,5.1116276
Non_IID_Partition,Non-IID,FedAvg,80,segment.S4.0.shortcut.1,other,32,0.07739246,7.0042014,16.508022,10.400449
Non_IID_Partition,Non-IID,FedAvg,80,segment.S4.0.shortcut.3,other,64,-4.6157647e-06,0.0008384302,33.977493,20.814888
Non_IID_Partition,Non-IID,FedAvg,80,segment.S4.1.conv1.bn,other,64,-1.14356,9.920835,61.95258,48.400425
Non_IID_Partition,Non-IID,FedAvg,80,segment.S4.1.dwconv.1,other,384,0.04656485,0.50795233,0.22636615,0.1982173
Non_IID_Partition,Non-IID,FedAvg,80,segment.S4.1.conv2.1,other,64,0.008379728,1.1890402,1.4440584,0.5918798
Non_IID_Partition,Non-IID,FedAvg,80,segment.S5_4.0.conv1.bn,other,64,-1.8479939,5.8156285,55.541687,23.86425
Non_IID_Partition,Non-IID,FedAvg,80,segment.S5_4.0.dwconv1.1,other,384,0.023295349,0.8089808,0.31681722,0.37859064
Non_IID_Partition,Non-IID,FedAvg,80,segment.S5_4.0.dwconv2.1,other,384,-0.092820525,0.2681779,0.19134207,0.1693819
Non_IID_Partition,Non-IID,FedAvg,80,segment.S5_4.0.conv2.1,other,128,-0.06929158,1.391985,2.6553216,1.4888781
Non_IID_Partition,Non-IID,FedAvg,80,segment.S5_4.0.shortcut.1,other,64,0.21308541,2.3966286,4.3131757,2.1784356
Non_IID_Partition,Non-IID,FedAvg,80,segment.S5_4.0.shortcut.3,other,128,1.2493551e-05,0.0005791553,15.475759,9.837852
Non_IID_Partition,Non-IID,FedAvg,80,segment.S5_4.1.conv1.bn,other,128,-3.412149,5.864426,45.968735,25.756567
Non_IID_Partition,Non-IID,FedAvg,80,segment.S5_4.1.dwconv.1,other,768,-0.009286309,0.28440392,0.09282309,0.11734984
Non_IID_Partition,Non-IID,FedAvg,80,segment.S5_4.1.conv2.1,other,128,0.099815376,0.9157292,1.0914083,0.7156912
Non_IID_Partition,Non-IID,FedAvg,80,segment.S5_4.2.conv1.bn,other,128,-2.8478036,4.7559853,41.69793,18.82706
Non_IID_Partition,Non-IID,FedAvg,80,segment.S5_4.2.dwconv.1,other,768,0.012107663,0.15446924,0.041943114,0.07047118
Non_IID_Partition,Non-IID,FedAvg,80,segment.S5_4.2.conv2.1,other,128,-0.17980845,0.8296553,0.75699925,0.40203217
Non_IID_Partition,Non-IID,FedAvg,80,segment.S5_4.3.conv1.bn,other,128,-2.2329545,5.487181,55.612373,30.759624
Non_IID_Partition,Non-IID,FedAvg,80,segment.S5_4.3.dwconv.1,other,768,0.008438445,0.16099341,0.04657839,0.09903959
Non_IID_Partition,Non-IID,FedAvg,80,segment.S5_4.3.conv2.1,other,128,-0.0060427748,0.93280435,0.66237295,0.38683742
Non_IID_Partition,Non-IID,FedAvg,80,segment.S5_5.bn,other,128,1.9558496,1.3168876,0.6045192,0.614247
Non_IID_Partition,Non-IID,FedAvg,80,segment.S5_5.conv_gap.bn,other,128,-4.7501337e-05,0.0006475634,10.081535,10.348977
Non_IID_Partition,Non-IID,FedAvg,80,segment.S5_5.conv_last.bn,other,128,-4.867405,8.690064,102.956055,50.462376
Non_IID_Partition,Non-IID,FedAvg,80,bga.left1.1,other,128,-0.0017780373,0.23861988,0.34827062,0.4597696
Non_IID_Partition,Non-IID,FedAvg,80,bga.left2.1,other,128,0.078808516,1.1268294,4.8306274,1.7197272
Non_IID_Partition,Non-IID,FedAvg,80,bga.right1.1,other,128,-0.6466423,2.2655962,25.066246,21.732563
Non_IID_Partition,Non-IID,FedAvg,80,bga.right2.1,other,128,-0.014302887,0.65641725,0.46676242,0.36946228
Non_IID_Partition,Non-IID,FedAvg,80,bga.conv.1,other,128,-2.7210603,6.055841,69.06047,36.505493
Non_IID_Partition,Non-IID,FedAvg,80,head.conv.bn,head,1024,-1.8588613,2.3658342,11.4152,22.985397
